{
  "timestamp": "2025-11-07T04:20:40.369896",
  "model": "Aariz 512x512 TTA",
  "checkpoint": "C:\\Users\\Salah\\Downloads\\Compressed\\Dentalai\\main - Copy\\Aariz\\checkpoints\\checkpoint_best.pth",
  "pixel_size": 0.1,
  "metrics": {
    "mre_mm": 3.0350608151721086,
    "mre_px": 30.35060815172108,
    "std_mm": 7.031558621822913,
    "std_px": 70.31558621822913,
    "sdr": {
      "2.0": 68.64367816091954,
      "2.5": 75.49425287356321,
      "3.0": 80.27586206896552,
      "4.0": 85.40229885057471
    },
    "total_images": 150,
    "total_landmarks": 4350
  },
  "landmark_errors": {
    "A": {
      "mean": 2.1723245788564416,
      "std": 3.7100416762089523,
      "min": 0.17408699561844657,
      "max": 28.901821000565736,
      "count": 150
    },
    "ANS": {
      "mean": 3.437108261773489,
      "std": 8.448171824301564,
      "min": 0.10409912039469303,
      "max": 61.180805014199024,
      "count": 150
    },
    "B": {
      "mean": 3.4208265543070553,
      "std": 7.935827666575462,
      "min": 0.1551678273262989,
      "max": 52.65274534684602,
      "count": 150
    },
    "Me": {
      "mean": 1.4227788860242618,
      "std": 3.7824666894028067,
      "min": 0.08519659941550474,
      "max": 31.15809834452804,
      "count": 150
    },
    "N": {
      "mean": 5.971069527998987,
      "std": 8.837168620323691,
      "min": 0.059328167493245876,
      "max": 44.955299057032086,
      "count": 150
    },
    "Or": {
      "mean": 8.08059212934014,
      "std": 19.958231680131977,
      "min": 0.08879874811406958,
      "max": 97.47780762689457,
      "count": 150
    },
    "Pog": {
      "mean": 1.7240049759998988,
      "std": 4.16318733744929,
      "min": 0.040091050635626735,
      "max": 43.20286826848325,
      "count": 150
    },
    "PNS": {
      "mean": 2.771183795001269,
      "std": 5.676315956320098,
      "min": 0.08788612184644404,
      "max": 60.484522937385805,
      "count": 150
    },
    "Pn": {
      "mean": 1.6968389956963907,
      "std": 7.502762539955064,
      "min": 0.048899215659481694,
      "max": 85.40932910715993,
      "count": 150
    },
    "R": {
      "mean": 4.106136662405117,
      "std": 4.425640179763381,
      "min": 0.16014789559508835,
      "max": 34.28600448047636,
      "count": 150
    },
    "S": {
      "mean": 2.524270304026971,
      "std": 5.022557651560678,
      "min": 0.10641930668485627,
      "max": 44.676821249313726,
      "count": 150
    },
    "Ar": {
      "mean": 2.3106107969500975,
      "std": 3.005345737914143,
      "min": 0.10010751666372573,
      "max": 17.07972023817447,
      "count": 150
    },
    "Co": {
      "mean": 2.5498175194258055,
      "std": 2.3040506570041304,
      "min": 0.09628653687420448,
      "max": 17.522178260841745,
      "count": 150
    },
    "Gn": {
      "mean": 1.2421662128617246,
      "std": 5.5113848753988215,
      "min": 0.07747745035887352,
      "max": 67.45648637304473,
      "count": 150
    },
    "Go": {
      "mean": 2.9507433430067374,
      "std": 3.448061092950978,
      "min": 0.053815594060295395,
      "max": 30.569749609982757,
      "count": 150
    },
    "Po": {
      "mean": 4.655272831224268,
      "std": 8.284336196157655,
      "min": 0.1003991743076613,
      "max": 59.42371136909493,
      "count": 150
    },
    "LPM": {
      "mean": 4.31184272867355,
      "std": 7.864291646662359,
      "min": 0.08216530155598017,
      "max": 55.44664068761092,
      "count": 150
    },
    "LIT": {
      "mean": 1.536509264697688,
      "std": 3.2884255526777975,
      "min": 0.08687753150745527,
      "max": 38.81720635276582,
      "count": 150
    },
    "LMT": {
      "mean": 4.684135649605099,
      "std": 7.860668172083021,
      "min": 0.07131855393839852,
      "max": 51.386404140760604,
      "count": 150
    },
    "UPM": {
      "mean": 3.674067944257109,
      "std": 7.321084915430215,
      "min": 0.09703945843903204,
      "max": 45.43476035830166,
      "count": 150
    },
    "UIA": {
      "mean": 2.201180736758202,
      "std": 2.9545914216373053,
      "min": 0.0462178257558979,
      "max": 23.344292482662937,
      "count": 150
    },
    "UIT": {
      "mean": 1.4728754102341084,
      "std": 2.9599045101542094,
      "min": 0.07573152556725207,
      "max": 24.355390224106884,
      "count": 150
    },
    "UMT": {
      "mean": 4.281337308229753,
      "std": 6.208855000544007,
      "min": 0.02238090121106523,
      "max": 46.00918240752043,
      "count": 150
    },
    "LIA": {
      "mean": 3.5996975890048097,
      "std": 8.994920263536281,
      "min": 0.12052032863222227,
      "max": 74.02085519805537,
      "count": 150
    },
    "Li": {
      "mean": 3.0339792931970258,
      "std": 5.411174725413858,
      "min": 0.13223968846408451,
      "max": 33.47203300836952,
      "count": 150
    },
    "Ls": {
      "mean": 2.204184214424025,
      "std": 3.2755039202978717,
      "min": 0.03209358349100394,
      "max": 28.516071272192832,
      "count": 150
    },
    "N`": {
      "mean": 1.6417820366143943,
      "std": 2.771915426293458,
      "min": 0.07357847552887868,
      "max": 31.19638300441489,
      "count": 150
    },
    "Pog`": {
      "mean": 2.2500706356524014,
      "std": 5.735126042107935,
      "min": 0.04283061364815993,
      "max": 47.13295871544379,
      "count": 150
    },
    "Sn": {
      "mean": 2.089355453744334,
      "std": 6.931070497843755,
      "min": 0.04330717142046092,
      "max": 72.43492980030962,
      "count": 150
    }
  }
}