{
  "timestamp": "2025-11-07T04:27:01.428570",
  "num_test_images": 10,
  "pixel_size": 0.1,
  "results": {
    "256_no_tta": {
      "model_size": "256",
      "use_tta": false,
      "metrics": {
        "mre_mm": 1.9912100790980314,
        "mre_px": 19.912100790980315,
        "std_mm": 1.6297669773211074,
        "std_px": 16.297669773211073,
        "sdr": {
          "2.0": 62.758620689655174,
          "2.5": 73.44827586206897,
          "3.0": 81.72413793103448,
          "4.0": 91.37931034482759
        },
        "total_images": 10,
        "total_landmarks": 290
      }
    },
    "256_tta": {
      "model_size": "256",
      "use_tta": true,
      "metrics": {
        "mre_mm": 1.9130563782224326,
        "mre_px": 19.130563782224325,
        "std_mm": 1.6301028215245232,
        "std_px": 16.301028215245232,
        "sdr": {
          "2.0": 64.48275862068965,
          "2.5": 75.86206896551724,
          "3.0": 83.79310344827586,
          "4.0": 90.3448275862069
        },
        "total_images": 10,
        "total_landmarks": 290
      }
    },
    "512_no_tta": {
      "model_size": "512",
      "use_tta": false,
      "metrics": {
        "mre_mm": 1.6913715494820973,
        "mre_px": 16.91371549482097,
        "std_mm": 1.62926043856532,
        "std_px": 16.2926043856532,
        "sdr": {
          "2.0": 72.75862068965517,
          "2.5": 80.0,
          "3.0": 85.17241379310346,
          "4.0": 91.72413793103448
        },
        "total_images": 10,
        "total_landmarks": 290
      }
    },
    "512_tta": {
      "model_size": "512",
      "use_tta": true,
      "metrics": {
        "mre_mm": 1.626042542823703,
        "mre_px": 16.26042542823703,
        "std_mm": 1.6163130948651827,
        "std_px": 16.16313094865183,
        "sdr": {
          "2.0": 74.13793103448276,
          "2.5": 81.72413793103448,
          "3.0": 85.17241379310346,
          "4.0": 92.41379310344827
        },
        "total_images": 10,
        "total_landmarks": 290
      }
    },
    "768_no_tta": {
      "model_size": "768",
      "use_tta": false,
      "metrics": {
        "mre_mm": 1.574610899596305,
        "mre_px": 15.746108995963054,
        "std_mm": 1.5519431617071118,
        "std_px": 15.519431617071115,
        "sdr": {
          "2.0": 76.20689655172413,
          "2.5": 83.10344827586206,
          "3.0": 86.89655172413792,
          "4.0": 93.44827586206897
        },
        "total_images": 10,
        "total_landmarks": 290
      }
    },
    "768_tta": {
      "model_size": "768",
      "use_tta": true,
      "metrics": {
        "mre_mm": 1.557816756820671,
        "mre_px": 15.578167568206707,
        "std_mm": 1.557500631300063,
        "std_px": 15.575006313000628,
        "sdr": {
          "2.0": 74.48275862068967,
          "2.5": 83.10344827586206,
          "3.0": 86.89655172413792,
          "4.0": 93.10344827586206
        },
        "total_images": 10,
        "total_landmarks": 290
      }
    }
  }
}