{
  "mre_mm": 1.673804521560669,
  "std_mm": 1.2094837427139282,
  "mre_pixels": 2.2188210487365723,
  "sdr_2mm": 71.86206896551724,
  "sdr_2_5mm": 80.75862068965517,
  "sdr_3mm": 86.13793103448276,
  "sdr_4mm": 92.85057471264368,
  "landmark_errors": [
    1.3662414580777202,
    1.745065155549938,
    1.2651013092831858,
    0.807573615598993,
    1.5254641798296644,
    1.8140848787689166,
    1.0015656946622182,
    1.805493674542732,
    0.9036884420714402,
    2.7375178750768416,
    1.5765900677846052,
    2.2613310377562805,
    2.275122532340521,
    0.7552948533325371,
    3.0018015131430436,
    2.2736584695404405,
    2.0168187272931757,
    1.5782541231523868,
    1.8400344581820642,
    1.940700523289095,
    1.644667362406764,
    1.3798925831670221,
    1.8523528276576098,
    1.5964563750572143,
    1.5398901212964689,
    1.31582294355268,
    1.858371492546255,
    1.5218953166472242,
    1.3395817050576697
  ]
}