{
  "test_image_id": "cks2ip8fq29yq0yufc4scftj8",
  "image_size": {
    "width": 1968,
    "height": 2225
  },
  "pixel_size": 0.1,
  "model_256x256": {
    "checkpoint": "C:\\Users\\Salah\\Downloads\\Compressed\\Dentalai\\main - Copy\\Aariz\\checkpoint_best_256.pth",
    "metrics": {
      "mre_mm": 1.8642456188292158,
      "median_mm": 1.4779112901799096,
      "min_mm": 0.3097537645760838,
      "max_mm": 8.143125461751485,
      "std_mm": 1.4848327389698988,
      "sdr_1mm": 24.137931034482758,
      "sdr_1_5mm": 51.724137931034484,
      "sdr_2mm": 72.41379310344827,
      "sdr_2_5mm": 75.86206896551724,
      "sdr_3mm": 86.20689655172413,
      "sdr_4mm": 96.55172413793103
    },
    "num_landmarks": 29
  },
  "model_512x512": {
    "checkpoint": "C:\\Users\\Salah\\Downloads\\Compressed\\Dentalai\\main - Copy\\Aariz\\checkpoints\\checkpoint_best.pth",
    "metrics": {
      "mre_mm": 1.7560065584167952,
      "median_mm": 1.28202369520343,
      "min_mm": 0.08444663115456563,
      "max_mm": 7.708069781331358,
      "std_mm": 1.6362720078346922,
      "sdr_1mm": 41.37931034482759,
      "sdr_1_5mm": 55.172413793103445,
      "sdr_2mm": 65.51724137931035,
      "sdr_2_5mm": 79.3103448275862,
      "sdr_3mm": 86.20689655172413,
      "sdr_4mm": 93.10344827586206
    },
    "num_landmarks": 29
  },
  "comparison": {
    "mre_improvement": 0.1082390604124206,
    "sdr_improvement": -6.896551724137922,
    "better_model": "mixed"
  },
  "per_landmark_errors": {
    "256x256": {
      "A": {
        "mm": 1.1212134361179442,
        "px": 11.212134361179443
      },
      "ANS": {
        "mm": 0.9486173916357159,
        "px": 9.486173916357158
      },
      "B": {
        "mm": 3.6118548987486556,
        "px": 36.118548987486555
      },
      "Me": {
        "mm": 1.1967003569165084,
        "px": 11.967003569165085
      },
      "N": {
        "mm": 1.9274383143268616,
        "px": 19.274383143268615
      },
      "Or": {
        "mm": 2.2763863757882308,
        "px": 22.763863757882305
      },
      "Pog": {
        "mm": 1.6699337177860547,
        "px": 16.699337177860546
      },
      "PNS": {
        "mm": 1.5083646665055408,
        "px": 15.083646665055406
      },
      "Pn": {
        "mm": 1.3465693523223117,
        "px": 13.465693523223116
      },
      "R": {
        "mm": 1.333300380026379,
        "px": 13.33300380026379
      },
      "S": {
        "mm": 2.641401819352623,
        "px": 26.414018193526232
      },
      "Ar": {
        "mm": 3.78398067147063,
        "px": 37.8398067147063
      },
      "Co": {
        "mm": 0.5916195265044059,
        "px": 5.916195265044058
      },
      "Gn": {
        "mm": 0.6853823324684751,
        "px": 6.853823324684751
      },
      "Go": {
        "mm": 1.4779112901799096,
        "px": 14.779112901799095
      },
      "Po": {
        "mm": 8.143125461751485,
        "px": 81.43125461751484
      },
      "LPM": {
        "mm": 1.760298238463204,
        "px": 17.60298238463204
      },
      "LIT": {
        "mm": 0.8405688045465811,
        "px": 8.40568804546581
      },
      "LMT": {
        "mm": 2.8528720596571855,
        "px": 28.52872059657185
      },
      "UPM": {
        "mm": 0.5493351414177023,
        "px": 5.493351414177023
      },
      "UIA": {
        "mm": 2.5008398913152163,
        "px": 25.008398913152163
      },
      "UIT": {
        "mm": 0.3097537645760838,
        "px": 3.0975376457608377
      },
      "UMT": {
        "mm": 1.017403565881868,
        "px": 10.174035658818681
      },
      "LIA": {
        "mm": 3.2414247703069123,
        "px": 32.41424770306912
      },
      "Li": {
        "mm": 1.8774761321945055,
        "px": 18.774761321945054
      },
      "Ls": {
        "mm": 1.170136942065544,
        "px": 11.70136942065544
      },
      "N`": {
        "mm": 1.0882580423482133,
        "px": 10.882580423482134
      },
      "Pog`": {
        "mm": 0.8742660722716913,
        "px": 8.742660722716913
      },
      "Sn": {
        "mm": 1.7166895291008153,
        "px": 17.166895291008153
      }
    },
    "512x512": {
      "A": {
        "mm": 0.5311347985179659,
        "px": 5.311347985179658
      },
      "ANS": {
        "mm": 1.1149504410684292,
        "px": 11.149504410684292
      },
      "B": {
        "mm": 3.6740763341397127,
        "px": 36.74076334139713
      },
      "Me": {
        "mm": 0.41156495676487714,
        "px": 4.115649567648771
      },
      "N": {
        "mm": 0.43944981772979674,
        "px": 4.394498177297967
      },
      "Or": {
        "mm": 0.08444663115456563,
        "px": 0.8444663115456563
      },
      "Pog": {
        "mm": 1.1439962266009671,
        "px": 11.43996226600967
      },
      "PNS": {
        "mm": 1.7996253153461599,
        "px": 17.9962531534616
      },
      "Pn": {
        "mm": 0.9174384444815508,
        "px": 9.174384444815507
      },
      "R": {
        "mm": 2.0472861865953926,
        "px": 20.472861865953927
      },
      "S": {
        "mm": 3.5623042512171113,
        "px": 35.62304251217111
      },
      "Ar": {
        "mm": 2.3600307255700645,
        "px": 23.600307255700645
      },
      "Co": {
        "mm": 1.5512183241877118,
        "px": 15.512183241877118
      },
      "Gn": {
        "mm": 0.3572724981791752,
        "px": 3.572724981791752
      },
      "Go": {
        "mm": 1.4155166820323302,
        "px": 14.1551668203233
      },
      "Po": {
        "mm": 7.708069781331358,
        "px": 77.08069781331358
      },
      "LPM": {
        "mm": 2.5087525173152296,
        "px": 25.087525173152294
      },
      "LIT": {
        "mm": 0.7309422041842337,
        "px": 7.309422041842337
      },
      "LMT": {
        "mm": 5.342032082869554,
        "px": 53.42032082869554
      },
      "UPM": {
        "mm": 1.7313182257040538,
        "px": 17.313182257040538
      },
      "UIA": {
        "mm": 2.4448923364242385,
        "px": 24.448923364242383
      },
      "UIT": {
        "mm": 0.691759992937799,
        "px": 6.91759992937799
      },
      "UMT": {
        "mm": 2.7341700861852396,
        "px": 27.341700861852395
      },
      "LIA": {
        "mm": 2.0931270632757872,
        "px": 20.931270632757872
      },
      "Li": {
        "mm": 1.28202369520343,
        "px": 12.8202369520343
      },
      "Ls": {
        "mm": 0.35385154423412435,
        "px": 3.5385154423412435
      },
      "N`": {
        "mm": 0.6865707304389144,
        "px": 6.865707304389144
      },
      "Pog`": {
        "mm": 0.9481054162213902,
        "px": 9.481054162213901
      },
      "Sn": {
        "mm": 0.25826288417589843,
        "px": 2.5826288417589844
      }
    }
  }
}