{
  "image_id": "cks2ip8fq29yq0yufc4scftj8",
  "model": "HRNet-W32",
  "mre_mm": 39.08037520988732,
  "errors": {
    "Gn": 50.412201152102064,
    "U1": 50.34677669920885,
    "Pog": 49.833829162527735,
    "B": 49.43696900094097,
    "Me": 47.75540774613908,
    "ANS": 47.284166483083965,
    "Po": 45.37755061701767,
    "A": 41.304905870852686,
    "L1": 41.1502145346777,
    "PNS": 34.862697833787905,
    "N": 34.667845422667966,
    "Ar": 33.743356383146,
    "S": 27.699657488857145,
    "Or": 25.12535683826202,
    "Go": 7.204692915038087
  }
}